alg,R2,slope
bt,0.9008590982248322,0.9295716397819341
bt,0.9008590982248322,0.9295716397819341
