alg,R2,slope
bt,0.6858581275826081,0.8724799925921706
